<?xml version="1.0" encoding="UTF-8"?>
<metadata xml:lang="en"><Esri><CreaDate>20181031</CreaDate><CreaTime>09311200</CreaTime><ArcGISFormat>1.0</ArcGISFormat><SyncOnce>TRUE</SyncOnce><DataProperties><lineage><Process ToolSource="c:\program files\arcgis\pro\Resources\ArcToolbox\toolboxes\Data Management Tools.tbx\CreateFeatureclass" Date="20181031" Time="093112">CreateFeatureclass C:\workspace\Gits\UsingAPIs\Discharge\Data GageSites.shp Point # No No # # 0 0 0 #</Process><Process ToolSource="c:\program files\arcgis\pro\Resources\ArcToolbox\toolboxes\Data Management Tools.tbx\AddField" Date="20181031" Time="093112">AddField C:\workspace\Gits\UsingAPIs\Discharge\Data\GageSites.shp agency Text 5 # # # NULLABLE NON_REQUIRED #</Process><Process ToolSource="c:\program files\arcgis\pro\Resources\ArcToolbox\toolboxes\Data Management Tools.tbx\AddField" Date="20181031" Time="093113">AddField C:\workspace\Gits\UsingAPIs\Discharge\Data\GageSites.shp site_no Text 15 # # # NULLABLE NON_REQUIRED #</Process><Process ToolSource="c:\program files\arcgis\pro\Resources\ArcToolbox\toolboxes\Data Management Tools.tbx\AddField" Date="20181031" Time="093113">AddField C:\workspace\Gits\UsingAPIs\Discharge\Data\GageSites.shp station_nm Text 50 # # # NULLABLE NON_REQUIRED #</Process><Process ToolSource="c:\program files\arcgis\pro\Resources\ArcToolbox\toolboxes\Data Management Tools.tbx\DefineProjection" Date="20181031" Time="093113">DefineProjection C:\workspace\Gits\UsingAPIs\Discharge\Data\GageSites.shp GEOGCS['GCS_North_American_1983',DATUM['D_North_American_1983',SPHEROID['GRS_1980',6378137.0,298.257222101]],PRIMEM['Greenwich',0.0],UNIT['Degree',0.0174532925199433]]</Process><Process Name="Extract real-time gage sites" ToolSource="C:\workspace\gits\UsingAPIs\Discharge\USGS NWIS gage tools.tbx\ExtractActiveGageSitesForHUC" Date="20181031" Time="093113">ExtractActiveGageSitesForHUC 03030002 C:\workspace\gits\UsingAPIs\Discharge\Data\GageSites.shp</Process></lineage></DataProperties></Esri></metadata>
