<?xml version="1.0"?>
<!--<!DOCTYPE metadata SYSTEM "http://www.esri.com/metadata/esriprof80.dtd">-->
<metadata xml:lang="en"><Esri><MetaID>{627C1B03-2A02-443A-9B4A-CCE1C2FAE897}</MetaID><CreaDate>20071029</CreaDate><CreaTime>21181700</CreaTime><SyncOnce>TRUE</SyncOnce><DataProperties><lineage><Process Name="CreateFeatureclass_2" ToolSource="C:\Program Files\ArcGIS\ArcToolbox\Toolboxes\Data Management Tools.tbx\CreateFeatureclass" Date="20071029" Time="211817">CreateFeatureclass W:\359_admin\lab_development\Johns_Sandbox\SOAP\Discharge\ToolData PointTemplate POINT # DISABLED DISABLED # # 0 0 0 W:\359_admin\lab_development\Johns_Sandbox\SOAP\Discharge\ToolData\PointTemplate.shp</Process></lineage></DataProperties></Esri></metadata>
